<?xml version="1.0" encoding="UTF-8"?>
<metadata xml:lang="zh"><Esri><CreaDate>20200907</CreaDate><CreaTime>20462000</CreaTime><ArcGISFormat>1.0</ArcGISFormat><SyncOnce>TRUE</SyncOnce><DataProperties><lineage><Process ToolSource="C:\Users\PC\AppData\Roaming\ESRI\Desktop10.6\ArcToolbox\My Toolboxes\我的收藏.tbx\RasterToPolygon" Date="20200802" Time="115117">RasterToPolygon XN_03_640dpi_label.tif I:\大数据实践课-2020-废弃建筑物识别\数据\赵鹏举负责的九个城市的640dpi_map\XN_03_640dpi_label.shp SIMPLIFY Value SINGLE_OUTER_PART #</Process></lineage></DataProperties></Esri></metadata>
