<?xml version="1.0" encoding="UTF-8"?>
<metadata xml:lang="zh"><Esri><CreaDate>20200729</CreaDate><CreaTime>13402600</CreaTime><ArcGISFormat>1.0</ArcGISFormat><SyncOnce>TRUE</SyncOnce><DataProperties><lineage><Process ToolSource="C:\Users\maoli\AppData\Roaming\ESRI\Desktop10.6\ArcToolbox\My Toolboxes\收藏.tbx\RasterToPolygon" Date="20200729" Time="134026">RasterToPolygon D:\BaiduNetdiskDownload\高分遥感影像\city_export\HE_01_640dpi_label.tif D:\BaiduNetdiskDownload\高分遥感影像\city_export\HE_01_640dpi_label.shp SIMPLIFY Value SINGLE_OUTER_PART #</Process></lineage></DataProperties></Esri></metadata>
